1,January-2021,2021-01,31,744
2,February-2021,2021-02,28,672
3,March-2021,2021-03,31,744
4,April-2021,2021-04,30,720
5,May-2021,2021-05,31,744
6,June-2021,2021-06,30,720
7,July-2021,2021-07,31,744
8,August-2021,2021-08,31,744
9,September-2021,2021-09,30,720
10,October-2021,2021-10,31,744
11,November-2021,2021-11,30,720
12,December-2021,2021-12,31,744
13,January-2022,2022-01,31,744
14,February-2022,2022-02,28,672
15,March-2022,2022-03,31,744
16,April-2022,2022-04,30,720
17,May-2022,2022-05,31,744
18,June-2022,2022-06,30,720
19,July-2022,2022-07,31,744
20,August-2022,2022-08,31,744
21,September-2022,2022-09,30,720
22,October-2022,2022-10,31,744
23,November-2022,2022-11,30,720
24,December-2022,2022-12,31,744
25,January-2023,2023-01,31,744
26,February-2023,2023-02,28,672
27,March-2023,2023-03,31,744
28,April-2023,2023-04,30,720
29,May-2023,2023-05,31,744
30,June-2023,2023-06,30,720
31,July-2023,2023-07,31,744
32,August-2023,2023-08,31,744
33,September-2023,2023-09,30,720
34,October-2023,2023-10,31,744
35,November-2023,2023-11,30,720
36,December-2023,2023-12,31,744
37,January-2024,2024-01,31,744
38,February-2024,2024-02,29,696
39,March-2024,2024-03,31,744
40,April-2024,2024-04,30,720
41,May-2024,2024-05,31,744
42,June-2024,2024-06,30,720
43,July-2024,2024-07,31,744
44,August-2024,2024-08,31,744
45,September-2024,2024-09,30,720
46,October-2024,2024-10,31,744
47,November-2024,2024-11,30,720
48,December-2024,2024-12,31,744
49,January-2025,2025-01,31,744
50,February-2025,2025-02,28,672
51,March-2025,2025-03,31,744
52,April-2025,2025-04,30,720
53,May-2025,2025-05,31,744
54,June-2025,2025-06,30,720
55,July-2025,2025-07,31,744
56,August-2025,2025-08,31,744
57,September-2025,2025-09,30,720
58,October-2025,2025-10,31,744
59,November-2025,2025-11,30,720
60,December-2025,2025-12,31,744
61,January-2026,2026-01,31,744
62,February-2026,2026-02,28,672
63,March-2026,2026-03,31,744
64,April-2026,2026-04,30,720
65,May-2026,2026-05,31,744
66,June-2026,2026-06,30,720
67,July-2026,2026-07,31,744
68,August-2026,2026-08,31,744
69,September-2026,2026-09,30,720
70,October-2026,2026-10,31,744
71,November-2026,2026-11,30,720
72,December-2026,2026-12,31,744
73,January-2027,2027-01,31,744
74,February-2027,2027-02,28,672
75,March-2027,2027-03,31,744
76,April-2027,2027-04,30,720
77,May-2027,2027-05,31,744
78,June-2027,2027-06,30,720
79,July-2027,2027-07,31,744
80,August-2027,2027-08,31,744
81,September-2027,2027-09,30,720
82,October-2027,2027-10,31,744
83,November-2027,2027-11,30,720
84,December-2027,2027-12,31,744
85,January-2028,2028-01,31,744
86,February-2028,2028-02,29,696
87,March-2028,2028-03,31,744
88,April-2028,2028-04,30,720
89,May-2028,2028-05,31,744
90,June-2028,2028-06,30,720
91,July-2028,2028-07,31,744
92,August-2028,2028-08,31,744
93,September-2028,2028-09,30,720
94,October-2028,2028-10,31,744
95,November-2028,2028-11,30,720
96,December-2028,2028-12,31,744
97,January-2029,2029-01,31,744
98,February-2029,2029-02,28,672
99,March-2029,2029-03,31,744
100,April-2029,2029-04,30,720
101,May-2029,2029-05,31,744
102,June-2029,2029-06,30,720
103,July-2029,2029-07,31,744
104,August-2029,2029-08,31,744
105,September-2029,2029-09,30,720
106,October-2029,2029-10,31,744
107,November-2029,2029-11,30,720
108,December-2029,2029-12,31,744
109,January-2030,2030-01,31,744
110,February-2030,2030-02,28,672
111,March-2030,2030-03,31,744
112,April-2030,2030-04,30,720
113,May-2030,2030-05,31,744
114,June-2030,2030-06,30,720
115,July-2030,2030-07,31,744
116,August-2030,2030-08,31,744
117,September-2030,2030-09,30,720
118,October-2030,2030-10,31,744
119,November-2030,2030-11,30,720
120,December-2030,2030-12,31,744
121,January-2031,2031-01,31,744
122,February-2031,2031-02,28,672
123,March-2031,2031-03,31,744
124,April-2031,2031-04,30,720
125,May-2031,2031-05,31,744
126,June-2031,2031-06,30,720
127,July-2031,2031-07,31,744
128,August-2031,2031-08,31,744
129,September-2031,2031-09,30,720
130,October-2031,2031-10,31,744
131,November-2031,2031-11,30,720
132,December-2031,2031-12,31,744
133,January-2032,2032-01,31,744
134,February-2032,2032-02,29,696
135,March-2032,2032-03,31,744
136,April-2032,2032-04,30,720
137,May-2032,2032-05,31,744
138,June-2032,2032-06,30,720
139,July-2032,2032-07,31,744
140,August-2032,2032-08,31,744
141,September-2032,2032-09,30,720
142,October-2032,2032-10,31,744
143,November-2032,2032-11,30,720
144,December-2032,2032-12,31,744
145,January-2033,2033-01,31,744
146,February-2033,2033-02,28,672
147,March-2033,2033-03,31,744
148,April-2033,2033-04,30,720
149,May-2033,2033-05,31,744
150,June-2033,2033-06,30,720
151,July-2033,2033-07,31,744
152,August-2033,2033-08,31,744
153,September-2033,2033-09,30,720
154,October-2033,2033-10,31,744
155,November-2033,2033-11,30,720
156,December-2033,2033-12,31,744
157,January-2034,2034-01,31,744
158,February-2034,2034-02,28,672
159,March-2034,2034-03,31,744
160,April-2034,2034-04,30,720
161,May-2034,2034-05,31,744
162,June-2034,2034-06,30,720
163,July-2034,2034-07,31,744
164,August-2034,2034-08,31,744
165,September-2034,2034-09,30,720
166,October-2034,2034-10,31,744
167,November-2034,2034-11,30,720
168,December-2034,2034-12,31,744
169,January-2035,2035-01,31,744
170,February-2035,2035-02,28,672
171,March-2035,2035-03,31,744
172,April-2035,2035-04,30,720
173,May-2035,2035-05,31,744
174,June-2035,2035-06,30,720
175,July-2035,2035-07,31,744
176,August-2035,2035-08,31,744
177,September-2035,2035-09,30,720
178,October-2035,2035-10,31,744
179,November-2035,2035-11,30,720
180,December-2035,2035-12,31,744
181,January-2036,2036-01,31,744
182,February-2036,2036-02,29,696
183,March-2036,2036-03,31,744
184,April-2036,2036-04,30,720
185,May-2036,2036-05,31,744
186,June-2036,2036-06,30,720
187,July-2036,2036-07,31,744
188,August-2036,2036-08,31,744
189,September-2036,2036-09,30,720
190,October-2036,2036-10,31,744
191,November-2036,2036-11,30,720
192,December-2036,2036-12,31,744
193,January-2037,2037-01,31,744
194,February-2037,2037-02,28,672
195,March-2037,2037-03,31,744
196,April-2037,2037-04,30,720
197,May-2037,2037-05,31,744
198,June-2037,2037-06,30,720
199,July-2037,2037-07,31,744
200,August-2037,2037-08,31,744
201,September-2037,2037-09,30,720
202,October-2037,2037-10,31,744
203,November-2037,2037-11,30,720
204,December-2037,2037-12,31,744
205,January-2038,2038-01,31,744
206,February-2038,2038-02,28,672
207,March-2038,2038-03,31,744
208,April-2038,2038-04,30,720
209,May-2038,2038-05,31,744
210,June-2038,2038-06,30,720
211,July-2038,2038-07,31,744
212,August-2038,2038-08,31,744
213,September-2038,2038-09,30,720
214,October-2038,2038-10,31,744
215,November-2038,2038-11,30,720
216,December-2038,2038-12,31,744
217,January-2039,2039-01,31,744
218,February-2039,2039-02,28,672
219,March-2039,2039-03,31,744
220,April-2039,2039-04,30,720
221,May-2039,2039-05,31,744
222,June-2039,2039-06,30,720
223,July-2039,2039-07,31,744
224,August-2039,2039-08,31,744
225,September-2039,2039-09,30,720
226,October-2039,2039-10,31,744
227,November-2039,2039-11,30,720
228,December-2039,2039-12,31,744
229,January-2040,2040-01,31,744
230,February-2040,2040-02,29,696
231,March-2040,2040-03,31,744
232,April-2040,2040-04,30,720
233,May-2040,2040-05,31,744
234,June-2040,2040-06,30,720
235,July-2040,2040-07,31,744
236,August-2040,2040-08,31,744
237,September-2040,2040-09,30,720
238,October-2040,2040-10,31,744
239,November-2040,2040-11,30,720
240,December-2040,2040-12,31,744
241,January-2041,2041-01,31,744
242,February-2041,2041-02,28,672
243,March-2041,2041-03,31,744
244,April-2041,2041-04,30,720
245,May-2041,2041-05,31,744
246,June-2041,2041-06,30,720
247,July-2041,2041-07,31,744
248,August-2041,2041-08,31,744
249,September-2041,2041-09,30,720
250,October-2041,2041-10,31,744
251,November-2041,2041-11,30,720
252,December-2041,2041-12,31,744
253,January-2042,2042-01,31,744
254,February-2042,2042-02,28,672
255,March-2042,2042-03,31,744
256,April-2042,2042-04,30,720
257,May-2042,2042-05,31,744
258,June-2042,2042-06,30,720
259,July-2042,2042-07,31,744
260,August-2042,2042-08,31,744
261,September-2042,2042-09,30,720
262,October-2042,2042-10,31,744
263,November-2042,2042-11,30,720
264,December-2042,2042-12,31,744
